Longitude,Latitude,Economic Need Index,School Income Estimate,KMeans Labels
-73.952812,40.775137,0.064,107878.64,1
-74.010942,40.718083,0.196,132795.44,1
-73.999113,40.735526,0.066,115909.89,1
-74.011765,40.716096,0.065,176793.4,1
-73.992805,40.70072800000001,0.179,111743.74,1
-73.966183,40.759213,0.075,116235.64,1
-73.97834,40.671669,0.097,110422.67,1
-73.963813,40.763854,0.049,115262.92,1
-74.017528,40.706563,0.114,140085.12,1
-73.978008,40.781788,0.099,111115.15,1
-73.96042800000002,40.777703,0.101,144270.13,1
-73.99771,40.686935,0.094,113707.13,1
-74.013623,40.716867,0.068,181382.06,1
-73.984736,40.777766,0.078,115897.33,1
-74.001925,40.708639,0.6722806736166808,118322.46,1
-74.005361,40.711057,0.059,143926.53,1
-73.984972,40.608043,0.73,48443.1284931506,4
-73.969661,40.590181,0.521,42871.4,4
-73.970072,40.602465,0.515,45832.34,4
-73.961478,40.58677,0.599,51896.27,4
-73.963134,40.616567,0.703,40233.93,4
-74.007327,40.606942,0.525,52977.43,4
-73.974412,40.608431,0.723,45242.71,4
-73.892938,40.820398,0.853,48443.1284931506,4
-73.960031,40.601174,0.687,45059.44,4
-73.98564,40.601211,0.5710000000000001,46192.81,4
-73.85698199999999,40.818892,0.73,45924.94,4
-73.995134,40.604994,0.679,43689.16,4
-73.975173,40.595711,0.695,40295.15,4
-73.978774,40.622876,0.682,47519.85,4
-73.991912,40.597535,0.615,46794.68,4
-73.95401600000002,40.583765,0.445,48443.1284931506,4
-73.934697,40.850676,0.867,48443.1284931506,4
-73.964587,40.608787,0.8,44760.9,4
-73.860062,40.823319,0.812,48443.1284931506,4
-73.940251,40.587404,0.57,53239.96,4
-73.877255,40.822513,0.667,42885.01,4
-73.951555,40.612571,0.635,47497.36,4
-73.829212,40.827214,0.489,48443.1284931506,4
-73.950283,40.621852,0.556,54582.78,4
-73.95456999999998,40.63270900000001,0.753,45469.71,4
-73.965829,40.641322,0.667,50545.8,4
-73.973274,40.63228400000001,0.795,39695.31,4
-73.856571,40.828493,0.8,39485.31,4
-73.912988,40.620767,0.546,48443.1284931506,4
-73.938193,40.593516,0.708,48443.1284931506,4
-73.97694399999997,40.615326,0.6920000000000001,47058.63,4
-73.99474599999998,40.604847,0.608,48443.1284931506,4
-73.986144,40.593624,0.564,48443.1284931506,4
-73.873517,40.824884,0.8759999999999999,48443.1284931506,4
-73.972436,40.58241,0.703,48443.1284931506,4
-73.856783,40.829414,0.821,48443.1284931506,4
-73.99381899999999,40.594445,0.631,48443.1284931506,4
-73.992391,40.57866,0.311,48443.1284931506,4
-73.986852,40.607008,0.379,51628.8,4
-73.976838,40.600816,0.636,48443.1284931506,4
-73.906686,40.82230300000001,0.823,48443.1284931506,4
-74.019313,40.641937,0.823,39306.37,4
-73.98163100000002,40.634787,0.71,48443.1284931506,4
-73.966273,40.633626,0.711,50085.45,4
-73.818271,40.826997,0.639,48443.1284931506,4
-74.009637,40.63239,0.823,42684.18,4
-73.97124000000002,40.638574,0.741,48443.1284931506,4
-73.987279,40.621555,0.636,46501.74,4
-74.02422,40.633733,0.6509999999999999,50776.12,4
-73.869429,40.685841,0.818,48443.1284931506,4
-73.879189,40.669568,0.845,48443.1284931506,4
-73.85691,40.82910800000001,0.7959999999999999,48443.1284931506,4
-73.89764100000002,40.665557,0.8909999999999999,48443.1284931506,4
-73.883838,40.676982,0.823,48443.1284931506,4
-73.883838,40.676982,0.812,48443.1284931506,4
-73.885597,40.659637,0.78,48443.1284931506,4
-73.89764100000002,40.665557,0.943,48443.1284931506,4
-73.881849,40.646745,0.64,48443.1284931506,4
-73.874138,40.6573,0.777,48443.1284931506,4
-73.886779,40.661208,0.716,48443.1284931506,4
-73.874138,40.6573,0.705,48443.1284931506,4
-73.881132,40.64647100000001,0.669,48443.1284931506,4
-73.847787,40.888739,0.544,47192.42,4
-73.914142,40.832278,0.877,48443.1284931506,4
-73.894749,40.66226500000001,0.7829999999999999,48443.1284931506,4
-73.89345300000002,40.671887,0.848,48443.1284931506,4
-73.87455600000001,40.670064,0.857,48443.1284931506,4
-73.860062,40.823319,0.802,48443.1284931506,4
-73.885238,40.815594,0.8759999999999999,48443.1284931506,4
-74.00057199999998,40.619415,0.723,48426.22,4
-74.001826,40.602902,0.642,46434.53,4
-74.019313,40.641937,0.8809999999999999,39645.76,4
-74.00754,40.632148,0.841,42189.81,4
-73.901686,40.81597100000001,0.906,48443.1284931506,4
-74.014758,40.626227,0.622,48443.1284931506,4
-73.987219,40.612249,0.613,47650.34,4
-73.995529,40.621845,0.731,48443.1284931506,4
-73.98163100000002,40.634787,0.792,48443.1284931506,4
-74.00080799999998,40.640773,0.828,48443.1284931506,4
-73.986999,40.614826,0.665,46604.64,4
-74.01331,40.618745,0.5579999999999999,48443.1284931506,4
-73.979862,40.628989,0.8,40627.41,4
-73.855654,40.821448,0.7559999999999999,48443.1284931506,4
-74.004003,40.627847,0.48,48443.1284931506,4
-73.99459300000002,40.611106,0.659,46905.81,4
-73.873517,40.824884,0.7809999999999999,48443.1284931506,4
-73.989464,40.62659,0.706,39390.34,4
-73.977267,40.64022,0.8340000000000001,39598.5,4
-74.005074,40.62475900000001,0.696,49261.36,4
-74.01870699999998,40.63037,0.747,51600.25,4
-73.856018,40.815017,0.723,48443.1284931506,4
-73.818271,40.826997,0.56,48443.1284931506,4
-73.856018,40.815017,0.818,48443.1284931506,4
-73.818136,40.823158,0.7609999999999999,46642.64,4
-73.95149,40.590901,0.474,50946.78,4
-73.860541,40.816837,0.7509999999999999,47598.42,4
-73.817909,40.760344,0.63,48443.1284931506,4
-73.94244599999998,40.833487,0.85,48443.1284931506,4
-73.817716,40.729597,0.537,49632.93,4
-73.931106,40.849099,0.84,48443.1284931506,4
-73.939738,40.84562,0.878,48443.1284931506,4
-73.807592,40.726437,0.5489999999999999,51933.12,4
-73.828746,40.745218,0.606,43621.61,4
-73.938751,40.841047,0.615,44717.99,4
-73.900475,40.859506,0.8809999999999999,48443.1284931506,4
-73.842975,40.777987,0.581,54307.52,4
-73.789689,40.765017,0.336,48443.1284931506,4
-73.81778,40.751762,0.544,40033.97,4
-73.811379,40.761748,0.606,49884.66,4
-73.887005,40.737207,0.636,47662.76,4
-73.936328,40.742708,0.513,48443.1284931506,4
-73.859123,40.757821,0.785,49555.19,4
-73.871482,40.743204,0.7859999999999999,48443.1284931506,4
-73.865657,40.749323,0.787,41632.62,4
-73.914959,40.706955,0.741,50347.75,4
-73.90818399999998,40.712656,0.487,53809.35,4
-73.90383299999998,40.69943,0.7959999999999999,41384.9,4
-73.926377,40.739982,0.648,54053.95,4
-73.8185,40.775122,0.443,48443.1284931506,4
-73.806977,40.78322,0.34,48443.1284931506,4
-73.95517099999998,40.604437,0.463,48443.1284931506,4
-73.805449,40.73106,0.531,47345.33,4
-73.713022,40.742067,0.271,48443.1284931506,4
-73.930066,40.86082,0.708,48443.1284931506,4
-73.77232,40.756375,0.274,48443.1284931506,4
-73.77396999999998,40.758543,0.258,48443.1284931506,4
-73.734426,40.762437,0.209,48443.1284931506,4
-73.92381800000003,40.866522,0.713,42610.02,4
-73.92381800000003,40.866522,0.429,52781.49,4
-73.935772,40.839408,0.838,48443.1284931506,4
-73.930066,40.86082,0.861,48443.1284931506,4
-73.77844,40.782346,0.255,48443.1284931506,4
-73.789689,40.765017,0.293,48443.1284931506,4
-73.821454,40.749539,0.5379999999999999,48443.1284931506,4
-73.80937,40.724191,0.443,48443.1284931506,4
-73.80937,40.724191,0.609,48443.1284931506,4
-73.826204,40.754465,0.578,41791.27,4
-73.83201899999997,40.769789,0.52,48735.89,4
-73.821454,40.749539,0.562,48443.1284931506,4
-73.935772,40.839408,0.779,48443.1284931506,4
-73.82762,40.770194,0.58,50336.56,4
-73.952995,40.820988,0.8640000000000001,40828.12,4
-73.937412,40.836912,0.8340000000000001,48443.1284931506,4
-73.855476,40.755182,0.815,47813.37,4
-73.918649,40.741091,0.615,48443.1284931506,4
-73.86676999999997,40.745554,0.6722806736166808,42821.68,4
-73.87775,40.73342,0.535,54319.34,4
-73.912036,40.814702,0.906,48443.1284931506,4
-73.917884,40.665297,0.589,48443.1284931506,4
-73.90774,40.671012,0.925,48443.1284931506,4
-73.920477,40.813507,0.872,48443.1284931506,4
-73.920477,40.813507,0.866,48443.1284931506,4
-73.91839,40.810207,0.903,48443.1284931506,4
-73.905333,40.818906,0.908,48443.1284931506,4
-73.905333,40.818906,0.882,48443.1284931506,4
-73.91839,40.810207,0.885,48443.1284931506,4
-73.912036,40.814702,0.799,48443.1284931506,4
-73.925999,40.81366,0.882,48443.1284931506,4
-73.951555,40.612571,0.616,48443.1284931506,4
-73.954263,40.632619,0.7509999999999999,47037.27,4
-73.849749,40.829446,0.779,39933.44,4
-73.938716,40.60667,0.494,48443.1284931506,4
-73.947663,40.637617,0.741,46197.25,4
-73.95600400000002,40.604467,0.623,46872.04,4
-73.894749,40.66226500000001,0.8340000000000001,48443.1284931506,4
-73.92384,40.631331,0.6459999999999999,50557.18,4
-73.962837,40.644838,0.705,41740.33,4
-73.94682399999998,40.623798,0.61,48443.1284931506,4
-73.906685,40.655763,0.6970000000000001,48443.1284931506,4
-73.915211,40.678113,0.7709999999999999,48443.1284931506,4
-73.915211,40.678113,0.685,48443.1284931506,4
-73.921487,40.822539,0.89,48443.1284931506,4
-73.902827,40.705855,0.675,48443.1284931506,4
-73.879623,40.745942,0.708,46836.11,4
-73.89641,40.7041,0.607,50720.93,4
-73.911939,40.70385200000001,0.825,49318.07,4
-73.901988,40.699269,0.687,48443.1284931506,4
-73.89329599999998,40.728596,0.573,48443.1284931506,4
-73.904763,40.7114,0.6579999999999999,50845.89,4
-73.897308,40.696839,0.6970000000000001,51952.8,4
-73.862808,40.742087,0.748,48443.1284931506,4
-73.86745,40.749371,0.823,43138.81,4
-73.91115,40.680262,0.8370000000000001,48443.1284931506,4
-73.86124699999998,40.749035,0.768,47541.89,4
-73.854302,40.740917,0.753,40424.44,4
-73.867964,40.73728,0.6729999999999999,52556.15,4
-73.89349,40.742305,0.608,50465.67,4
-73.882575,40.739749,0.618,46867.48,4
-73.887429,40.737757,0.643,48443.1284931506,4
-73.912061,40.66553,0.7120000000000001,48443.1284931506,4
-73.91127,40.666247,0.8,48443.1284931506,4
-73.913616,40.65997,0.804,48443.1284931506,4
-73.863062,40.676324,0.838,39739.81,4
-73.928682,40.658685,0.7,48443.1284931506,4
-73.869429,40.685841,0.7879999999999999,48443.1284931506,4
-73.884346,40.681272,0.838,41992.07,4
-73.891672,40.883022,0.7859999999999999,42357.53,4
-73.940924,40.686208,0.872,41143.63,4
-73.89256999999998,40.848559,0.843,48443.1284931506,4
-73.913605,40.887701,0.418,48443.1284931506,4
-73.955241,40.682307,0.8190000000000001,48164.74,4
-73.906275,40.859604,0.909,48443.1284931506,4
-73.897036,40.854655,0.8059999999999999,48443.1284931506,4
-73.894038,40.822084,0.868,48443.1284931506,4
-73.88028,40.839183,0.8390000000000001,48443.1284931506,4
-73.88431700000002,40.843884,0.809,48443.1284931506,4
-73.890915,40.842605,0.903,48443.1284931506,4
-73.890063,40.84385,0.878,48443.1284931506,4
-73.88653199999997,40.845682,0.841,48443.1284931506,4
-73.891283,40.861305,0.821,48443.1284931506,4
-73.88858,40.859516,0.851,48443.1284931506,4
-73.886584,40.831394,0.843,48443.1284931506,4
-73.888912,40.848711,0.823,48443.1284931506,4
-73.887671,40.83683900000001,0.853,48443.1284931506,4
-73.900529,40.827387,0.835,48443.1284931506,4
-73.877464,40.831694,0.795,48443.1284931506,4
-73.894038,40.822084,0.87,48443.1284931506,4
-73.960549,40.684336,0.7859999999999999,52763.92,4
-73.977889,40.695143,0.938,39140.78,4
-73.9465,40.678907,0.8420000000000001,43872.26,4
-73.946565,40.710655,0.8009999999999999,44810.53,4
-73.908447,40.84852100000001,0.816,48443.1284931506,4
-73.948503,40.703215,0.6779999999999999,48443.1284931506,4
-73.905862,40.881668,0.746,41223.11,4
-73.96000500000002,40.695397,0.8590000000000001,42709.08,4
-73.947968,40.719769,0.777,48443.1284931506,4
-73.93769300000002,40.700657,0.871,40417.99,4
-73.95347199999998,40.703878,0.868,48443.1284931506,4
-73.960049,40.711863,0.8220000000000001,48443.1284931506,4
-73.887039,40.858431,0.8859999999999999,48443.1284931506,4
-73.971627,40.694425,0.701,48443.1284931506,4
-73.97116899999997,40.688432,0.797,48443.1284931506,4
-73.98830699999998,40.694639,0.695,48443.1284931506,4
-73.960549,40.684336,0.78,48443.1284931506,4
-73.981587,40.701781,0.8590000000000001,48443.1284931506,4
-73.94530300000002,40.685945,0.8340000000000001,40387.97,4
-73.94530300000002,40.685945,0.856,48443.1284931506,4
-73.88124,40.876823,0.8270000000000001,48443.1284931506,4
-73.96109399999997,40.689626,0.8859999999999999,40603.12,4
-73.9465,40.678907,0.6890000000000001,48443.1284931506,4
-73.97604399999999,40.697012,0.782,48443.1284931506,4
-73.901516,40.875451,0.85,48443.1284931506,4
-73.889841,40.85885800000001,0.885,48443.1284931506,4
-73.89275,40.836359,0.852,48443.1284931506,4
-73.85484,40.837105,0.706,44552.48,4
-73.839642,40.880961,0.672,54024.91,4
-73.82396,40.864136,0.512,51302.5,4
-73.833345,40.873045,0.443,47216.26,4
-73.836566,40.86429,0.691,48443.1284931506,4
-73.853201,40.838494,0.716,48443.1284931506,4
-73.85046700000002,40.866944,0.6659999999999999,44929.61,4
-73.900475,40.859506,0.8859999999999999,48443.1284931506,4
-73.839263,40.884355,0.779,39415.18,4
-73.852919,40.854535,0.55,53439.93,4
-73.866401,40.852767,0.802,41002.93,4
-73.833095,40.875146,0.535,44313.87,4
-73.909674,40.87956,0.7490000000000001,48443.1284931506,4
-73.859202,40.862563,0.737,42125.55,4
-73.845825,40.895363,0.688,52080.62,4
-73.858861,40.849167,0.611,51523.99,4
-73.85058000000002,40.87846500000001,0.759,50205.02,4
-73.860906,40.86916400000001,0.716,40759.79,4
-73.913024,40.854367,0.911,48443.1284931506,4
-73.897036,40.854655,0.911,48443.1284931506,4
-73.90326400000002,40.855211,0.898,48443.1284931506,4
-73.902209,40.874718,0.794,39138.83,4
-73.832178,40.873204,0.504,48443.1284931506,4
-73.88653199999997,40.845682,0.91,48443.1284931506,4
-73.840576,40.886043,0.701,48443.1284931506,4
-73.89098299999998,40.835821,0.865,48443.1284931506,4
-73.878058,40.885328,0.8240000000000001,48443.1284931506,4
-73.910712,40.851349,0.894,48443.1284931506,4
-73.897019,40.870295,0.857,48443.1284931506,4
-73.891672,40.883022,0.421,54446.9,4
-73.853201,40.838494,0.6722806736166808,46890.41,4
-73.836566,40.86429,0.7140000000000001,48443.1284931506,4
-73.864588,40.86206,0.77,48443.1284931506,4
-73.840576,40.886043,0.7020000000000001,48443.1284931506,4
-73.85797600000002,40.845031,0.647,45355.72,4
-73.832178,40.874988,0.534,48443.1284931506,4
-73.864588,40.86206,0.705,48443.1284931506,4
-73.830908,40.88306400000001,0.631,48443.1284931506,4
-73.860155,40.880634,0.7709999999999999,48443.1284931506,4
-73.840576,40.886043,0.7290000000000001,48443.1284931506,4
-73.864588,40.86206,0.778,48443.1284931506,4
-73.860155,40.880634,0.731,48443.1284931506,4
-73.860155,40.880634,0.737,48443.1284931506,4
-73.846547,40.835236,0.764,45253.24,4
-73.830908,40.88306400000001,0.742,43493.31,4
-73.954488,40.709823,0.6459999999999999,44742.59,4
-73.95705699999998,40.715274,0.551,48443.1284931506,4
-73.93952900000002,40.708781,0.825,48443.1284931506,4
-73.95952199999998,40.664878,0.7859999999999999,48443.1284931506,4
-73.943838,40.658665,0.653,48443.1284931506,4
-73.943838,40.658665,0.687,48443.1284931506,4
-73.920067,40.673118,0.8440000000000001,48443.1284931506,4
-73.951778,40.648247,0.725,40553.81,4
-73.946384,40.65873300000001,0.815,42545.15,4
-73.957176,40.649588,0.684,48443.1284931506,4
-73.95952199999998,40.664878,0.802,43886.54,4
-73.937164,40.672272,0.792,48443.1284931506,4
-73.96086700000002,40.674551,0.746,48443.1284931506,4
-73.96972199999998,40.67627,0.764,48443.1284931506,4
-73.951014,40.667,0.464,48443.1284931506,4
-73.96086700000002,40.674551,0.755,51849.49,4
-73.903937,40.833708,0.8390000000000001,48443.1284931506,4
-73.96650600000002,40.649555,0.747,44794.45,4
-73.95343299999998,40.64836500000001,0.708,48443.1284931506,4
-73.960541,40.66888400000001,0.7879999999999999,41936.33,4
-73.903937,40.833708,0.929,48443.1284931506,4
-73.929604,40.841563,0.885,48443.1284931506,4
-73.945911,40.64809,0.721,43642.71,4
-73.9492,40.665905,0.736,41699.4,4
-73.957176,40.649588,0.536,48443.1284931506,4
-73.960074,40.677036,0.7,47728.34,4
-73.954146,40.656271,0.807,41502.76,4
-73.92755799999998,40.657324,0.69,44427.28,4
-73.878276,40.686902,0.8170000000000001,40028.43,4
-73.872989,40.689594,0.7829999999999999,42863.84,4
-73.925602,40.647918,0.535,48443.1284931506,4
-73.928682,40.658685,0.608,48443.1284931506,4
-73.92003199999998,40.65785,0.778,48443.1284931506,4
-73.952104,40.816172,0.7240000000000001,48443.1284931506,4
-73.891766,40.647417,0.534,48443.1284931506,4
-73.920775,40.647443,0.606,48443.1284931506,4
-73.900586,40.626334,0.7959999999999999,38950.84,4
-73.925602,40.647918,0.655,48391.98,4
-73.936458,40.662087,0.7440000000000001,48443.1284931506,4
-73.940641,40.654737,0.52,48361.64,4
-73.91402099999998,40.651408,0.631,48175.62,4
-73.908447,40.84852100000001,0.9,48443.1284931506,4
-73.895658,40.643163,0.601,48443.1284931506,4
-73.932975,40.653258,0.68,41884.4,4
-73.900304,40.834973,0.852,48443.1284931506,4
-73.910912,40.63522,0.59,48443.1284931506,4
-73.91377299999998,40.827748,0.888,48443.1284931506,4
-73.927858,40.663966,0.654,42794.29,4
-73.95139499999998,40.673945,0.7759999999999999,42632.0,4
-73.940462,40.661792,0.768,40387.86,4
-73.944519,40.709765,0.843,48443.1284931506,4
-73.911386,40.839654,0.92,48443.1284931506,4
-73.980355,40.683835,0.244,48443.1284931506,4
-73.989018,40.660969,0.381,48443.1284931506,4
-73.991704,40.680431,0.684,48443.1284931506,4
-73.993634,40.68515900000001,0.7490000000000001,48443.1284931506,4
-73.985495,40.67652,0.6722806736166808,48443.1284931506,4
-73.91377299999998,40.827748,0.938,48443.1284931506,4
-73.90454,40.840589,0.913,48443.1284931506,4
-73.980292,40.645318,0.723,51358.99,4
-74.00009399999998,40.657598,0.715,46086.07,4
-73.928084,40.838201,0.8859999999999999,48443.1284931506,4
-73.97867,40.669302,0.652,48443.1284931506,4
-74.007424,40.652095,0.809,48443.1284931506,4
-73.911386,40.839654,0.8009999999999999,48443.1284931506,4
-73.917661,40.828111,0.86,48443.1284931506,4
-73.9883,40.660494,0.7190000000000001,48443.1284931506,4
-73.984625,40.67218,0.248,48443.1284931506,4
-73.918927,40.827572,0.8029999999999999,48443.1284931506,4
-74.004496,40.652818,0.799,42541.58,4
-74.011252,40.648687,0.8290000000000001,42845.08,4
-73.938707,40.705023,0.68,48443.1284931506,4
-74.00194300000003,40.679432,0.635,48443.1284931506,4
-73.993634,40.68515900000001,0.71,48443.1284931506,4
-73.949034,40.663676,0.713,48443.1284931506,4
-73.929959,40.683055,0.8270000000000001,42310.89,4
-73.89739200000002,40.845324,0.705,48443.1284931506,4
-73.956246,40.648983,0.831,40015.87,4
-73.951462,40.656389,0.7170000000000001,48443.1284931506,4
-73.931488,40.691976,0.759,48443.1284931506,4
-73.935722,40.681708,0.62,40423.43,4
-73.915529,40.849461,0.872,48443.1284931506,4
-73.928381,40.674464,0.885,48443.1284931506,4
-73.901895,40.839457,0.8220000000000001,48443.1284931506,4
-73.932378,40.687938,0.826,48443.1284931506,4
-73.915529,40.849461,0.901,48443.1284931506,4
-73.916384,40.842811,0.862,48443.1284931506,4
-73.93314000000002,40.69139600000001,0.884,48443.1284931506,4
-73.935722,40.681708,0.7509999999999999,48443.1284931506,4
-73.90454,40.840589,0.8809999999999999,48443.1284931506,4
-73.914142,40.832278,0.892,48443.1284931506,4
-73.917661,40.828111,0.8190000000000001,48443.1284931506,4
-73.91377299999998,40.827748,0.8909999999999999,48443.1284931506,4
-73.923212,40.685603,0.877,41931.64,4
-73.973229,40.647837,0.6722806736166808,48443.1284931506,4
-74.007424,40.652095,0.807,48443.1284931506,4
-73.912337,40.871567,0.604,50767.71,4
-73.854546,40.90237,0.772,45746.42,4
-73.930066,40.86082,0.84,48443.1284931506,4
-73.956339,40.810854,0.746,48443.1284931506,4
-73.945808,40.814949,0.818,48443.1284931506,4
-73.94211899999998,40.79259,0.435,48431.58,4
-73.93304300000001,40.863962,0.8109999999999999,48443.1284931506,4
-73.920884,40.869008,0.764,48443.1284931506,4
-73.945122,40.814412,0.746,48443.1284931506,4
-73.954227,40.807539,0.609,42931.1,4
-74.24322099999998,40.507803,0.225,48443.1284931506,4
-74.08545699999998,40.641954,0.902,49054.18,4
-73.993555,40.716213,0.8370000000000001,48443.1284931506,4
-74.080771,40.620483,0.705,48443.1284931506,4
-74.117592,40.628284,0.557,48443.1284931506,4
-74.145561,40.545793,0.254,48443.1284931506,4
-73.995526,40.714426,0.578,42493.71,4
-74.144611,40.631307,0.7879999999999999,54340.32,4
-74.132576,40.636739,0.862,41980.16,4
-74.11688199999998,40.636543,0.851,47859.82,4
-74.07958199999999,40.639729,0.8290000000000001,49651.7,4
-73.95529499999998,40.801651,0.711,39952.74,4
-74.15706800000002,40.631586,0.8340000000000001,41056.56,4
-73.95794000000002,40.771827,0.36,48443.1284931506,4
-73.948255,40.803013,0.7120000000000001,39861.23,4
-73.945808,40.814949,0.7140000000000001,48443.1284931506,4
-73.988153,40.772487,0.6722806736166808,48443.1284931506,4
-73.95408,40.802284,0.7909999999999999,48443.1284931506,4
-74.197201,40.544369,0.207,48443.1284931506,4
-74.079494,40.638837,0.8170000000000001,48219.48,4
-74.158532,40.59247,0.366,48443.1284931506,4
-73.96535899999998,40.79909,0.767,48443.1284931506,4
-74.15935999999998,40.581969,0.317,48443.1284931506,4
-73.96595,40.802678,0.477,48443.1284931506,4
-74.097992,40.634527,0.7170000000000001,48443.1284931506,4
-73.945402,40.828615,0.838,48443.1284931506,4
-74.083588,40.611011,0.845,43857.06,4
-73.95073000000002,40.770203,0.271,48443.1284931506,4
-74.14529499999998,40.623011,0.604,48443.1284931506,4
-74.080771,40.620483,0.745,48443.1284931506,4
-73.95408,40.802284,0.7859999999999999,48443.1284931506,4
-73.944012,40.806558,0.708,48443.1284931506,4
-74.186183,40.52409,0.239,48443.1284931506,4
-73.97077,40.791685,0.778,48443.1284931506,4
-74.10015,40.577094,0.526,48443.1284931506,4
-73.88759399999998,40.754326,0.682,48443.1284931506,4
-73.90456400000002,40.775893,0.513,48443.1284931506,4
-73.871196,40.764979,0.669,53206.46,4
-73.929913,40.766101,0.7070000000000001,48443.1284931506,4
-73.91658000000002,40.780311,0.421,54818.42,4
-73.933922,40.757217,0.82,40496.4,4
-73.86867600000002,40.755511,0.789,44258.79,4
-73.763868,40.600208,0.701,44037.44,4
-73.942008,40.785027,0.708,48443.1284931506,4
-73.888464,40.748799,0.637,48032.5,4
-73.980611,40.735735,0.522,48443.1284931506,4
-73.922754,40.768259,0.6990000000000001,46465.49,4
-73.909077,40.745517,0.5670000000000001,51298.3,4
-73.912499,40.759518,0.605,48443.1284931506,4
-73.94211899999998,40.79259,0.836,48443.1284931506,4
-73.759088,40.664858,0.547,48443.1284931506,4
-73.759088,40.664858,0.557,48443.1284931506,4
-73.935701,40.753116,0.507,49432.69,4
-73.874426,40.755297,0.735,44509.0,4
-73.939713,40.760397,0.597,48346.04,4
-73.92305400000002,40.766925,0.672,54400.6,4
-73.947544,40.780646,0.104,48443.1284931506,4
-73.926963,40.755048,0.276,48443.1284931506,4
-73.866404,40.737333,0.688,48443.1284931506,4
-73.959251,40.74308,0.563,48443.1284931506,4
-73.924184,40.771319,0.561,48443.1284931506,4
-73.873937,40.753821,0.7659999999999999,42962.15,4
-73.923052,40.766708,0.6759999999999999,48443.1284931506,4
-73.892841,40.75264,0.601,48443.1284931506,4
-73.92331999999998,40.745747,0.512,54911.92,4
-73.87417099999998,40.757692,0.5539999999999999,48443.1284931506,4
-73.8849,40.753191,0.627,51243.16,4
-73.932648,40.756628000000006,0.745,48443.1284931506,4
-73.752014,40.600739,0.67,42756.06,4
-73.88786800000003,40.712244,0.436,48443.1284931506,4
-73.926238,40.757499,0.609,52935.98,4
-73.90836800000002,40.757671,0.7709999999999999,43163.68,4
-73.97077,40.791685,0.73,48443.1284931506,4
-73.91766,40.700748,0.8809999999999999,45302.62,4
-73.90251500000002,40.75721,0.58,46230.6,4
-73.951368,40.806541,0.85,39051.13,4
-73.974233,40.598888,0.7070000000000001,48443.1284931506,4
-74.00254699999998,40.743368,0.406,48443.1284931506,4
-73.9492,40.665905,0.6722806736166808,39389.02,4
-73.991656,40.719935,0.7070000000000001,48443.1284931506,4
-73.945937,40.783283,0.765,48443.1284931506,4
-73.922234,40.648057,0.6722806736166808,51874.13,4
-74.012888,40.705442,0.564,48443.1284931506,4
-74.004818,40.677847,0.753,48443.1284931506,4
-73.892737,40.644044,0.557,48443.1284931506,4
-73.924441,40.688119,0.68,40473.95,4
-73.997896,40.753389,0.613,48443.1284931506,4
-73.905086,40.668635,0.7190000000000001,48443.1284931506,4
-73.978583,40.648155,0.354,48443.1284931506,4
-73.951462,40.656389,0.5579999999999999,44870.01,4
-73.96109399999997,40.689626,0.635,42161.63,4
-73.962802,40.800512,0.221,48443.1284931506,4
-73.93606,40.663936,0.6722806736166808,40623.06,4
-73.953075,40.804844,0.6722806736166808,50890.96,4
-73.985349,40.739095,0.358,48443.1284931506,4
-73.976039,40.696738,0.6722806736166808,47993.87,4
-73.969817,40.632144,0.604,47496.34,4
-73.935772,40.839408,0.78,48443.1284931506,4
-73.986971,40.698516,0.639,48443.1284931506,4
-73.922256,40.643727,0.555,53258.58,4
-73.90903,40.693686,0.76,40604.74,4
-74.002371,40.74257100000001,0.308,48443.1284931506,4
-73.908199,40.654135,0.447,52497.57,4
-74.013623,40.716867,0.313,48443.1284931506,4
-73.981534,40.738621,0.812,51287.22,4
-73.951131,40.67349,0.6722806736166808,42721.54,4
-73.96634,40.678584,0.627,48443.1284931506,4
-73.915211,40.678113,0.682,48443.1284931506,4
-73.982576,40.732676,0.258,48443.1284931506,4
-73.98866899999999,40.761329,0.33,48443.1284931506,4
-73.900824,40.644209,0.6722806736166808,53389.56,4
-73.982638,40.656204,0.485,48443.1284931506,4
-73.940924,40.686208,0.7390000000000001,48443.1284931506,4
-73.947968,40.719769,0.6722806736166808,41476.71,4
-73.920703,40.662056,0.606,45876.16,4
-73.913234,40.693691,0.847,41958.04,4
-73.96535899999998,40.79909,0.843,44727.39,4
-73.95347199999998,40.703878,0.795,40077.78,4
-73.91033,40.688922,0.848,48443.1284931506,4
-73.913097,40.697591,0.667,48443.1284931506,4
-73.978085,40.781081,0.304,48443.1284931506,4
-73.919072,40.697892,0.643,48443.1284931506,4
-73.9681,40.789382,0.802,48443.1284931506,4
-73.973988,40.79511,0.6609999999999999,48443.1284931506,4
-73.927587,40.700818,0.863,48443.1284931506,4
-73.927587,40.700818,0.821,48443.1284931506,4
-73.91785,40.690997,0.893,39617.18,4
-73.915406,40.695648,0.8390000000000001,48443.1284931506,4
-73.928157,40.694186,0.833,41068.16,4
-73.92002,40.706871,0.845,48443.1284931506,4
-73.908233,40.693371,0.892,41236.54,4
-73.932301,40.701446,0.855,43502.4,4
-73.922574,40.703905,0.8590000000000001,44858.04,4
-73.916588,40.698057,0.8420000000000001,38932.96,4
-73.973867,40.785101,0.181,48443.1284931506,4
-73.960049,40.711863,0.674,44501.44,4
-73.960074,40.677036,0.716,45240.23,4
-73.992352,40.736114,0.236,48443.1284931506,4
-73.932378,40.687938,0.69,48443.1284931506,4
-73.95529499999998,40.801651,0.758,48443.1284931506,4
-73.942071,40.677469,0.477,48443.1284931506,4
-73.925849,40.683447,0.652,41262.87,4
-73.919072,40.697892,0.718,48443.1284931506,4
-73.96595,40.802678,0.7390000000000001,48783.74,4
-73.945611,40.681896,0.6729999999999999,41399.29,4
-73.965924,40.682396,0.6920000000000001,42984.69,4
-73.962068,40.70591500000001,0.713,48443.1284931506,4
-73.981697,40.735118,0.131,48443.1284931506,4
-73.87455600000001,40.670064,0.703,48443.1284931506,4
-73.955839,40.807609,0.69,51468.6,4
-73.992106,40.662963,0.484,52361.11,4
-73.935082,40.675732,0.748,48443.1284931506,4
-73.95529499999998,40.801651,0.8490000000000001,44126.71,4
-73.936458,40.662087,0.57,44077.39,4
-73.778987,40.691665,0.419,48443.1284931506,4
-73.90053,40.753093,0.693,47329.35,4
-73.948862,40.810555,0.755,48443.1284931506,4
-73.839652,40.67807,0.541,48443.1284931506,4
-73.78322800000002,40.689923,0.674,49625.91,4
-73.921746,40.808913,0.6722806736166808,48443.1284931506,4
-73.816692,40.675063,0.55,48443.1284931506,4
-73.847569,40.68480200000001,0.602,48443.1284931506,4
-73.845674,40.670886,0.593,48443.1284931506,4
-73.853054,40.732287,0.408,48443.1284931506,4
-73.979927,40.715293,0.499,43706.73,4
-73.982474,40.729153,0.61,48443.1284931506,4
-73.84304200000003,40.856635,0.535,44086.43,4
-73.80528199999998,40.588936,0.8390000000000001,46342.01,4
-73.911618,40.87164600000001,0.823,44006.21,4
-73.861195,40.712046,0.397,48443.1284931506,4
-73.981602,40.723747,0.597,48443.1284931506,4
-73.852189,40.731005,0.391,54694.74,4
-73.981602,40.723747,0.858,39415.45,4
-73.985957,40.720185,0.764,48443.1284931506,4
-73.85797600000002,40.845031,0.593,41991.37,4
-73.933497,40.853324,0.8009999999999999,45688.6,4
-73.803188,40.706506,0.725,42817.79,4
-73.851845,40.723014,0.3720000000000001,48443.1284931506,4
-73.925157,40.865914,0.8240000000000001,48443.1284931506,4
-73.877255,40.822513,0.647,41943.27,4
-73.86079699999998,40.734734,0.593,48753.87,4
-73.91781800000003,40.867823,0.856,40151.07,4
-73.90019000000002,40.839046,0.758,48443.1284931506,4
-73.811875,40.710509,0.628,48443.1284931506,4
-73.816692,40.675063,0.495,48443.1284931506,4
-73.76471,40.608307,0.794,48443.1284931506,4
-73.92616899999999,40.816194,0.762,48443.1284931506,4
-73.98635999999998,40.724404,0.73,46435.59,4
-73.862551,40.727995,0.447,53061.26,4
-73.9556,40.815745,0.8170000000000001,48443.1284931506,4
-73.808131,40.675357,0.624,50413.16,4
-73.790818,40.69399600000001,0.813,45600.71,4
-73.763979,40.601532,0.667,48443.1284931506,4
-73.82396,40.864136,0.5670000000000001,48443.1284931506,4
-73.831079,40.579602,0.6659999999999999,54751.44,4
-73.985486,40.711437,0.5589999999999999,40809.9,4
-73.831079,40.579602,0.755,48443.1284931506,4
-73.900529,40.827387,0.8320000000000001,48443.1284931506,4
-73.749868,40.603951,0.75,48443.1284931506,4
-73.91752,40.809065,0.84,48443.1284931506,4
-73.763979,40.601532,0.599,48443.1284931506,4
-73.82517,40.58445,0.403,48443.1284931506,4
-73.78618900000002,40.591349,0.7440000000000001,40849.62,4
-73.75835500000002,40.599704,0.7240000000000001,54554.87,4
-73.91024499999997,40.875134,0.6722806736166808,48443.1284931506,4
-73.786396,40.696913,0.6940000000000001,48443.1284931506,4
-73.986069,40.713343,0.8320000000000001,48443.1284931506,4
-73.748812,40.60729600000001,0.7709999999999999,48443.1284931506,4
-73.95354,40.812517,0.536,42375.71,4
-73.796189,40.693571,0.775,43937.09,4
-73.823435,40.586666,0.551,48443.1284931506,4
-73.806837,40.694854,0.6709999999999999,47310.72,4
-73.936545,40.824398,0.708,48443.1284931506,4
-73.95584699999998,40.81064,0.507,48443.1284931506,4
-73.77561,40.675061,0.614,48443.1284931506,4
-73.98423100000002,40.729892,0.7909999999999999,48443.1284931506,4
-73.944304,40.815297,0.732,48443.1284931506,4
-73.811784,40.704103,0.713,41107.67,4
-73.986069,40.713343,0.7709999999999999,48443.1284931506,4
-73.803563,40.709456,0.691,46500.62,4
-73.947238,40.817282,0.852,48443.1284931506,4
-73.743438,40.672087,0.3670000000000001,48443.1284931506,4
-73.786396,40.696913,0.428,48443.1284931506,4
-73.851845,40.7365,0.545,50697.33,4
-73.931106,40.849099,0.8490000000000001,48443.1284931506,4
-73.749868,40.603951,0.738,48443.1284931506,4
-74.08114300000003,40.630238,0.7490000000000001,48091.89,4
-73.952995,40.820988,0.7859999999999999,48443.1284931506,4
-74.179723,40.605428,0.544,48443.1284931506,4
-73.75304399999997,40.681888,0.468,48443.1284931506,4
-73.786396,40.696913,0.7040000000000001,48443.1284931506,4
-73.783055,40.710718,0.721,41507.09,4
-73.746572,40.720412,0.435,48443.1284931506,4
-73.924144,40.755778,0.481,52413.09,4
-73.78191600000002,40.70076,0.748,48919.46,4
-73.986315,40.721274,0.7440000000000001,44342.61,4
-73.76137800000002,40.594019,0.79,40256.36,4
-73.794945,40.594435,0.825,47183.73,4
-73.951449,40.792304,0.46,42839.62,4
-73.932694,40.794167,0.8420000000000001,48443.1284931506,4
-73.885164,40.749951,0.513,52130.6,4
-73.947168,40.792935,0.722,48443.1284931506,4
-73.948572,40.793747,0.383,47895.96,4
-73.753793,40.706768,0.487,48443.1284931506,4
-73.79446300000002,40.73726,0.399,48443.1284931506,4
-73.939323,40.800631,0.85,48443.1284931506,4
-73.780173,40.712772,0.609,48443.1284931506,4
-73.936193,40.797495,0.865,48443.1284931506,4
-73.753793,40.706768,0.396,48443.1284931506,4
-73.785219,40.707652,0.65,47432.34,4
-73.757899,40.668105,0.464,48443.1284931506,4
-74.13707099999998,40.639517,0.73,48443.1284931506,4
-73.95724,40.819764,0.8809999999999999,48443.1284931506,4
-73.76888100000002,40.713433,0.625,54675.97,4
-73.835594,40.688366,0.612,53133.99,4
-73.947238,40.817282,0.747,48443.1284931506,4
-73.990841,40.716136,0.785,48443.1284931506,4
-73.77561,40.675061,0.578,48443.1284931506,4
-73.797859,40.708473,0.6722806736166808,48443.1284931506,4
-73.797066,40.713395,0.5489999999999999,48443.1284931506,4
-73.805991,40.71855,0.41,48443.1284931506,4
-73.80419599999998,40.708431,0.496,48443.1284931506,4
-73.928232,40.859317,0.721,46192.82,4
-73.939738,40.84562,0.75,39010.66,4
-73.85854300000003,40.834056,0.5660000000000001,43325.0,4
-73.90708599999998,40.880836,0.748,48443.1284931506,4
-73.927601,40.860052,0.8690000000000001,39043.45,4
-73.952995,40.820988,0.8290000000000001,41056.33,4
-73.90238599999998,40.830895,0.8140000000000001,48443.1284931506,4
-73.91356999999998,40.887662,0.227,81320.51,2
-73.777475,40.724401,0.215,92649.61,2
-73.728385,40.746011,0.239,77165.95,2
-73.94791,40.78058,0.6722806736166808,87424.06,2
-73.95003100000002,40.785014,0.365,81932.76,2
-73.721714,40.749967,0.198,77735.96,2
-73.795283,40.734087,0.306,77541.61,2
-73.75189499999998,40.735064,0.139,83369.58,2
-73.97604799999998,40.657119,0.232,85598.17,2
-73.776565,40.748394,0.311,79341.19,2
-73.73135,40.758641,0.219,84647.32,2
-73.981125,40.663015,0.092,103244.94,2
-73.973867,40.785101,0.221,95312.63,2
-73.987081,40.735324,0.6722806736166808,86857.5,2
-73.717947,40.731728,0.33,81807.45,2
-73.844039,40.657832,0.191,80373.95,2
-73.73206400000002,40.732107,0.261,74750.21,2
-73.97245500000002,40.788883,0.217,98595.22,2
-73.982912,40.668666,0.174,96102.36,2
-73.948468,40.763969,0.293,93388.06,2
-73.83515600000001,40.659866,0.301,76665.22,2
-73.99566,40.68043,0.135,105151.5,2
-73.98594,40.660884,0.334,77828.57,2
-73.77844,40.782346,0.219,78377.51,2
-73.771085,40.770056,0.224,82681.69,2
-73.738765,40.771304,0.236,81270.61,2
-73.854294,40.578277,0.371,95258.88,2
-73.809516,40.792326,0.198,81951.03,2
-73.749839,40.76913,0.13699999999999998,89380.41,2
-73.70929699999998,40.743857,0.252,79768.33,2
-73.98866899999999,40.761329,0.2,85295.72,2
-73.95003100000002,40.785014,0.069,105947.71,2
-74.000737,40.744549,0.293,98455.77,2
-74.195516,40.552373,0.292,91880.61,2
-73.947316,40.777924,0.3670000000000001,81690.71,2
-74.154172,40.555229,0.243,87061.73,2
-73.97407199999998,40.785954,0.369,79244.11,2
-74.00594699999998,40.732632,0.17600000000000002,103399.19,2
-74.133161,40.618028,0.31,83138.08,2
-74.190234,40.59156,0.392,79357.72,2
-74.133509,40.570691,0.261,88174.15,2
-74.00024300000003,40.748945,0.43,88011.14,2
-73.977634,40.744425,0.307,96174.16,2
-74.151951,40.547645,0.273,85181.84,2
-74.230429,40.510274,0.239,82498.64,2
-74.18753199999998,40.529697,0.158,95538.26,2
-74.211845,40.520825,0.194,89390.74,2
-74.099425,40.574938,0.5379999999999999,80042.25,2
-73.981697,40.735118,0.153,102421.46,2
-73.99559,40.761593,0.626,91149.35,2
-73.733976,40.671631,0.46,83898.38,2
-73.94359200000002,40.580244,0.262,75529.15,2
-73.749505,40.681992,0.639,77296.87,2
-73.734434,40.659983,0.545,79063.05,2
-73.743438,40.672087,0.57,77635.55,2
-73.729678,40.68487,0.38,83684.63,2
-73.753128,40.65620300000001,0.5429999999999999,76522.02,2
-73.957666,40.74446500000001,0.232,98309.97,2
-73.73520500000002,40.652625,0.515,77343.97,2
-73.73674100000002,40.674937,0.358,77770.17,2
-74.182578,40.543238,0.173,88391.97,2
-74.15756,40.591227,0.371,81128.29,2
-73.978085,40.781081,0.162,102963.37,2
-73.957759,40.763762,0.07400000000000001,104700.89,2
-74.160687,40.583066,0.35700000000000004,75172.27,2
-74.162328,40.610556,0.35600000000000004,79967.66,2
-74.21396700000003,40.54196,0.25,80109.28,2
-73.843379,40.715537,0.168,90778.78,2
-74.163422,40.536389,0.278,91069.0,2
-74.137628,40.602779,0.439,78381.47,2
-74.13738199999997,40.552128,0.24,82129.41,2
-73.978085,40.781081,0.134,89026.73,2
-74.124926,40.561488,0.234,82269.05,2
-73.85294300000002,40.715052,0.202,82670.96,2
-73.979239,40.7195,0.257,76833.96,2
-73.95073000000002,40.770203,0.11,94194.68,2
-73.982997,40.775221,0.253,76791.47,2
-73.70891999999998,40.734222,0.317,80741.83,2
-74.16904,40.552214,0.249,79364.56,2
-73.910712,40.851349,0.91,23044.61,5
-73.984082,40.71823,0.861,35545.1,5
-73.90740799999998,40.858716,0.903,29919.76,5
-73.895314,40.865975,0.88,34941.39,5
-73.901836,40.869145,0.836,35736.86,5
-73.909733,40.859165,0.923,24753.36,5
-73.905024,40.854751,0.918,26313.1,5
-73.887793,40.864937,0.8959999999999999,24568.96,5
-73.887039,40.858431,0.906,26555.51,5
-73.88653000000002,40.850632,0.7140000000000001,32539.98,5
-73.905299,40.872481,0.8740000000000001,36529.19,5
-73.881546,40.877179,0.8370000000000001,37116.54,5
-73.881407,40.855742,0.887,23907.92,5
-73.983283,40.71912800000001,0.8490000000000001,34889.24,5
-73.903757,40.857969,0.868,26738.54,5
-73.90326400000002,40.855211,0.931,23981.38,5
-73.893276,40.855521,0.907,23307.95,5
-73.91622,40.855568,0.903,30205.5,5
-73.997474,40.712561,0.769,32817.79,5
-73.997001,40.710448,0.728,38919.61,5
-73.977376,40.71987,0.917,27881.59,5
-73.975043,40.726147,0.86,31454.0,5
-73.89342099999998,40.85306,0.934,22046.2,5
-73.87526700000002,40.88051,0.862,33404.63,5
-73.90163299999998,40.861675,0.91,27633.11,5
-73.90326400000002,40.855211,0.918,23846.2,5
-73.913024,40.854367,0.893,28539.68,5
-73.982966,40.714301,0.833,28820.67,5
-73.991557,40.712943,0.858,26114.78,5
-73.875912,40.872439,0.821,36131.36,5
-73.897161,40.869429,0.909,33837.87,5
-73.894829,40.858852,0.925,23548.89,5
-73.898263,40.869847,0.878,33865.07,5
-73.926485,40.83262,0.8909999999999999,22580.13,5
-73.885739,40.852095,0.925,22737.12,5
-73.95584699999998,40.81064,0.805,35891.53,5
-73.942662,40.814259,0.893,34273.8,5
-73.905159,40.814507,0.906,25153.14,5
-73.95245899999998,40.817721,0.875,29854.02,5
-73.92003199999998,40.809216,0.899,23737.32,5
-73.913837,40.813307,0.928,22649.64,5
-73.948862,40.810555,0.899,28358.99,5
-73.92284000000002,40.823009000000006,0.897,28756.98,5
-73.92003199999998,40.809216,0.923,23020.7,5
-73.886889,40.814228,0.922,27859.91,5
-73.939148,40.809663,0.875,33344.03,5
-73.95212099999998,40.814981,0.8540000000000001,31077.89,5
-73.944457,40.820192,0.835,34752.53,5
-73.940665,40.821182,0.898,30519.96,5
-73.945808,40.814949,0.897,32865.04,5
-73.90019000000002,40.813875,0.8959999999999999,23837.79,5
-73.936154,40.831496,0.903,23035.78,5
-73.88896,40.82229,0.922,23987.16,5
-73.862615,40.82191,0.86,27710.67,5
-73.957404,40.810705,0.8390000000000001,35932.05,5
-73.935484,40.805584,0.8959999999999999,26581.16,5
-73.86860899999998,40.818887,0.913,27853.77,5
-73.901831,40.817778,0.872,24977.29,5
-73.944549,40.796046,0.917,29237.2,5
-73.85283100000002,40.822374,0.851,35635.81,5
-73.909065,40.819262,0.879,26508.27,5
-73.937828,40.813298,0.8740000000000001,34797.1,5
-73.90592,40.825125,0.911,25203.54,5
-73.922428,40.85892,0.851,29783.6,5
-73.944648,40.830009,0.8,36575.2,5
-73.927999,40.853091,0.872,36511.02,5
-73.947458,40.826477,0.8340000000000001,37102.07,5
-73.933933,40.850543,0.857,35210.09,5
-73.938751,40.841047,0.8170000000000001,34767.56,5
-73.935144,40.846134,0.882,30569.26,5
-73.942079,40.831655,0.901,37015.04,5
-73.92160200000002,40.865573,0.777,36559.91,5
-73.947458,40.826477,0.7559999999999999,38325.28,5
-73.93678299999998,40.839384,0.841,33529.45,5
-73.91941,40.819101,0.915,23144.32,5
-73.941204,40.834847,0.8440000000000001,34684.21,5
-73.935802,40.823955,0.892,34610.48,5
-73.908429,40.813613,0.905,22754.7,5
-73.922585,40.816249,0.914,22635.63,5
-73.905725,40.812854,0.863,26194.38,5
-73.916768,40.821611,0.8909999999999999,23911.23,5
-73.91752,40.809065,0.923,22281.39,5
-73.921487,40.822539,0.878,28918.55,5
-73.921424,40.806419,0.91,20902.4,5
-73.922626,40.810342,0.924,22392.38,5
-73.912768,40.807731,0.957,22507.91,5
-73.937942,40.825964,0.7829999999999999,33466.58,5
-73.925748,40.808255,0.912,18984.33,5
-73.90737800000002,40.823374,0.875,26763.23,5
-73.880504,40.823978,0.913,28256.04,5
-73.894798,40.85336,0.905,24966.63,5
-73.929604,40.841563,0.934,20772.06,5
-73.900304,40.834973,0.91,21689.93,5
-73.92334699999998,40.835007,0.904,26823.06,5
-73.92834599999998,40.836201,0.91,22701.33,5
-73.906951,40.832081,0.928,22702.97,5
-73.898794,40.851773,0.928,25534.74,5
-73.920665,40.843553,0.901,26634.37,5
-73.915226,40.849995,0.865,21870.0,5
-73.919663,40.835694,0.861,25919.64,5
-73.948335,40.806174,0.8859999999999999,38655.2,5
-73.950453,40.798341,0.875,30321.85,5
-73.909699,40.848826,0.882,26958.39,5
-73.915716,40.840366,0.916,25806.36,5
-73.913549,40.83702,0.87,22255.01,5
-73.915716,40.840366,0.929,25044.32,5
-73.948256,40.802666,0.883,37110.83,5
-73.917519,40.832033,0.898,27970.3,5
-73.917661,40.828111,0.8759999999999999,26370.44,5
-73.917519,40.832033,0.909,30300.35,5
-73.916384,40.842811,0.833,28339.16,5
-73.89165600000003,40.850163,0.8640000000000001,25544.48,5
-73.883365,40.872553,0.8,33601.34,5
-73.898907,40.856803,0.923,26516.8,5
-73.909733,40.859165,0.852,28779.66,5
-73.879012,40.869618,0.8059999999999999,34155.6,5
-73.918772,40.851637,0.8740000000000001,26397.05,5
-73.908023,40.844394,0.916,28190.58,5
-73.929978,40.796906,0.8170000000000001,27376.45,5
-73.941285,40.797156,0.885,26905.07,5
-73.941812,40.79313,0.8590000000000001,31668.33,5
-73.951449,40.792304,0.7509999999999999,31078.32,5
-73.936193,40.797495,0.902,27577.94,5
-73.939094,40.7897,0.903,29414.74,5
-73.898647,40.820082,0.915,26448.84,5
-73.898647,40.820082,0.8909999999999999,25876.53,5
-73.947872,40.795035,0.843,27911.28,5
-73.938295,40.79495,0.833,29590.37,5
-73.937388,40.799987,0.902,25392.85,5
-73.941812,40.79313,0.772,31874.34,5
-73.947448,40.791451,0.866,33728.15,5
-73.940587,40.785868,0.89,30295.44,5
-73.90238599999998,40.830895,0.89,25772.81,5
-73.944766,40.788684,0.915,34567.95,5
-73.898492,40.841242,0.903,28830.61,5
-73.925913,40.83973,0.923,26475.48,5
-73.903702,40.848338,0.922,25532.54,5
-73.929978,40.796906,0.779,28310.81,5
-73.91809,40.82761,0.8340000000000001,27766.12,5
-73.903026,40.838559,0.935,24249.23,5
-73.911831,40.832774,0.919,23994.98,5
-73.904838,40.835973,0.939,19445.65,5
-73.898878,40.846275,0.91,25416.2,5
-73.939323,40.800631,0.899,24553.59,5
-73.886463,40.821798,0.84,29096.71,5
-73.879886,40.676188,0.8490000000000001,34151.72,5
-73.97876600000002,40.721834,0.919,31141.72,5
-73.970791,40.577556,0.407,37867.04,5
-73.98561099999998,40.587495,0.762,34549.16,5
-73.95600999999998,40.57981,0.684,36586.39,5
-73.961946,40.580084,0.8,32595.45,5
-73.99247700000002,40.57427,0.912,22422.66,5
-73.995807,40.574839,0.885,22533.91,5
-73.944526,40.795537,0.741,30585.6,5
-73.934085,40.597404,0.8420000000000001,31128.43,5
-73.951358,40.80210200000001,0.815,35365.51,5
-73.942991,40.790378,0.8220000000000001,29637.26,5
-73.944457,40.820192,0.789,33764.8,5
-73.944549,40.796046,0.72,32322.71,5
-73.935335,40.805719,0.7340000000000001,32064.6,5
-73.94409499999998,40.788341,0.8059999999999999,32207.34,5
-73.94102,40.806204,0.757,35109.03,5
-73.95724,40.819764,0.7979999999999999,33303.04,5
-73.933952,40.799315,0.722,30184.66,5
-73.977376,40.71987,0.733,35223.3,5
-73.906873,40.660182,0.9,29567.13,5
-73.916696,40.682247,0.807,35419.93,5
-73.905086,40.668635,0.948,16901.67,5
-73.908695,40.677642,0.877,36518.6,5
-74.000539,40.576776,0.885,26217.74,5
-73.96600600000002,40.621492,0.695,37038.11,5
-73.910944,40.657196,0.815,34324.41,5
-73.980151,40.578198,0.8390000000000001,30709.21,5
-73.89021899999999,40.660048,0.833,33621.06,5
-73.866271,40.664057,0.879,28387.84,5
-73.879289,40.657867,0.813,33786.12,5
-73.889763,40.677932,0.807,36146.75,5
-73.88633399999998,40.655261,0.875,30491.71,5
-74.079229,40.622418,0.884,38859.51,5
-73.898173,40.667817,0.931,20613.17,5
-73.881849,40.646745,0.6759999999999999,30973.01,5
-73.879189,40.669568,0.843,33393.45,5
-73.83840500000002,40.825693,0.847,25916.69,5
-73.868495,40.837913,0.8320000000000001,26107.07,5
-74.003507,40.633244,0.8059999999999999,37052.2,5
-73.850702,40.850073,0.8590000000000001,27037.25,5
-73.999073,40.636935,0.8320000000000001,35558.78,5
-73.939237,40.75855,0.847,26289.11,5
-73.985845,40.637173,0.8540000000000001,34700.76,5
-73.929462,40.771098,0.754,38600.97,5
-73.948335,40.806174,0.742,35020.21,5
-73.935082,40.801377,0.815,28953.15,5
-73.94390899999998,40.790929,0.7559999999999999,32951.28,5
-74.020291,40.639505,0.7929999999999999,36530.11,5
-73.917884,40.665297,0.857,34013.33,5
-73.915306,40.675234,0.884,31132.53,5
-73.869676,40.676117,0.8370000000000001,33472.14,5
-73.917872,40.668975,0.758,33699.66,5
-73.92501899999998,40.68972,0.6990000000000001,38826.92,5
-73.906685,40.655763,0.792,33307.62,5
-73.945215,40.699216,0.812,34663.34,5
-73.94779,40.694156,0.757,38916.83,5
-73.876405,40.666256,0.6722806736166808,35778.71,5
-74.003636,40.675877,0.7759999999999999,33133.86,5
-73.932378,40.687938,0.763,37646.78,5
-73.913246,40.674493,0.735,35872.33,5
-73.935295,40.688447,0.818,36971.47,5
-73.94730899999998,40.696726,0.75,38902.22,5
-73.893259,40.663784,0.693,35515.31,5
-73.937164,40.672272,0.7190000000000001,36954.18,5
-73.943342,40.697704,0.7140000000000001,38458.24,5
-73.781257,40.595904,0.897,26636.28,5
-73.767108,40.594681,0.885,30838.56,5
-73.904832,40.68977,0.863,36830.45,5
-73.914879,40.693817,0.8190000000000001,36894.07,5
-73.92016600000002,40.698048,0.88,38851.58,5
-73.92132099999998,40.693254,0.856,35590.06,5
-73.743995,40.599988,0.76,31666.48,5
-73.910178,40.686658,0.8240000000000001,37020.6,5
-73.859406,40.88794,0.7829999999999999,36662.41,5
-73.813001,40.736521,0.745,34723.19,5
-73.90494699999998,40.660228,0.904,29709.42,5
-73.867298,40.669455,0.71,33468.7,5
-73.90760999999998,40.66693400000001,0.906,20931.74,5
-73.90774,40.671012,0.933,23414.77,5
-73.91127,40.666247,0.86,27808.12,5
-73.912085,40.66798,0.851,32208.89,5
-73.906225,40.672333,0.944,23794.1,5
-73.913616,40.65997,0.841,36582.64,5
-73.91115,40.680262,0.901,37260.8,5
-73.949849,40.798495,0.7759999999999999,38746.8,5
-73.984082,40.71823,0.733,34629.03,5
-73.94815600000003,40.812589,0.768,33937.49,5
-73.948572,40.793747,0.6722806736166808,30958.57,5
-73.947377,40.80758,0.741,36111.12,5
-73.935438,40.817192,0.789,34892.3,5
-73.986069,40.713343,0.733,34019.94,5
-73.824407,40.75836500000001,0.679,38731.69,5
-73.883496,40.660065,0.68,38872.33,5
-73.937742,40.694681,0.789,33933.08,5
-73.906225,40.672333,0.745,37886.74,5
-73.883838,40.676982,0.748,36379.99,5
-73.898173,40.667817,0.8009999999999999,30822.3,5
-73.92893000000002,40.672706,0.78,35280.22,5
-73.876405,40.666256,0.867,30071.23,5
-73.894627,40.65401,0.845,28849.37,5
-73.88519699999998,40.672588,0.877,34815.04,5
-73.900452,40.828715,0.915,28867.61,5
-73.866026,40.838212,0.853,32464.21,5
-73.866026,40.838212,0.7979999999999999,33229.57,5
-73.918654,40.840277,0.8320000000000001,27243.69,5
-73.921746,40.808913,0.838,25199.39,5
-73.84304200000003,40.856635,0.654,38268.68,5
-73.971627,40.694425,0.88,37632.19,5
-73.952501,40.692697,0.853,37511.84,5
-73.904838,40.835973,0.794,27365.08,5
-73.94971,40.690482,0.882,38385.06,5
-73.925999,40.81366,0.825,25654.97,5
-73.912768,40.807731,0.848,24982.3,5
-73.981047,40.697861,0.902,35929.65,5
-73.981587,40.701781,0.8490000000000001,36954.58,5
-73.901686,40.81597100000001,0.764,29665.65,5
-73.962068,40.70591500000001,0.904,23469.23,5
-73.930213,40.834312,0.7979999999999999,26912.82,5
-73.94779,40.694156,0.914,29397.91,5
-73.89276,40.669352,0.8740000000000001,31075.24,5
-73.91983,40.839576,0.818,26578.37,5
-73.943342,40.697704,0.921,26762.05,5
-73.91990799999998,40.812627,0.862,23824.44,5
-73.866026,40.838212,0.848,33924.52,5
-73.88714399999998,40.834237,0.879,24333.94,5
-73.938707,40.705023,0.8490000000000001,33658.98,5
-73.887388,40.84624,0.917,21603.69,5
-73.86787700000002,40.874682,0.833,35475.19,5
-73.868521,40.861185,0.774,38623.61,5
-73.90498199999998,40.839176,0.7240000000000001,26422.05,5
-73.861898,40.892319,0.813,32671.09,5
-73.84399499999998,40.884792,0.904,26709.85,5
-73.905817,40.832272,0.825,24172.46,5
-73.88219000000002,40.840605,0.932,23200.82,5
-73.890915,40.842605,0.919,25112.45,5
-73.866982,40.832525,0.856,33612.34,5
-73.888912,40.848711,0.899,26933.86,5
-73.89275,40.836359,0.87,24190.42,5
-73.886584,40.831394,0.892,27311.75,5
-73.88431700000002,40.843884,0.908,21576.71,5
-73.889323,40.846335,0.923,24153.23,5
-73.894227,40.831595,0.889,25141.36,5
-73.894273,40.826198,0.877,24836.47,5
-73.87749699999998,40.830906,0.913,27483.68,5
-73.87749699999998,40.830906,0.8590000000000001,27834.71,5
-73.890063,40.84385,0.8690000000000001,23881.24,5
-73.900452,40.828715,0.8909999999999999,26962.88,5
-73.88028,40.839183,0.867,26979.39,5
-73.941632,40.760848,0.7659999999999999,33120.79,5
-73.84304200000003,40.856635,0.648,36726.4,5
-73.93952900000002,40.708781,0.812,38357.99,5
-73.92893000000002,40.672706,0.797,32470.47,5
-73.934795,40.69292700000001,0.892,28369.33,5
-73.935082,40.675732,0.8809999999999999,31741.82,5
-73.935295,40.688447,0.828,35536.41,5
-73.928381,40.674464,0.878,29071.6,5
-73.940731,40.693761,0.841,33792.71,5
-73.920067,40.673118,0.858,29535.04,5
-73.92568100000003,40.665446,0.735,36588.31,5
-73.924196,40.671812,0.916,31283.29,5
-73.93606,40.663936,0.7070000000000001,37729.35,5
-73.9424,40.67424000000001,0.8290000000000001,36590.41,5
-73.927858,40.663966,0.868,36313.08,5
-73.92021899999997,40.678161,0.862,33550.68,5
-73.93432800000002,40.669514,0.863,34016.72,5
-73.894038,40.822084,0.7559999999999999,26028.95,5
-73.885238,40.815594,0.779,27967.11,5
-73.929369,40.807564,0.8490000000000001,24842.22,5
-73.909769,40.809304,0.848,25982.42,5
-73.922485,40.658996,0.7709999999999999,38077.71,5
-73.925102,40.811498,0.855,26385.67,5
-73.897385,40.823187,0.748,28271.22,5
-73.893259,40.663784,0.892,35908.98,5
-73.886699,40.677777,0.8240000000000001,38667.98,5
-73.921465,40.680202,0.905,34784.38,5
-73.924441,40.688119,0.884,38100.14,5
-73.931488,40.691976,0.887,33696.63,5
-73.941486,40.702805,0.826,31675.15,5
-73.927164,40.818739,0.769,29416.51,5
-73.87484599999998,40.872656,0.7609999999999999,32642.03,5
-73.993347,40.640784,0.7979999999999999,34945.93,5
-73.919302,40.812806,0.6722806736166808,25720.46,5
-74.01185100000002,40.677069,0.809,36259.2,5
-73.953459,40.701894,0.8140000000000001,36627.9,5
-74.00170200000002,40.645814,0.8220000000000001,38576.22,5
-73.920868,40.806307,0.928,23312.54,5
-73.947854,40.697436,0.916,28072.24,5
-73.91377299999998,40.827748,0.6722806736166808,26999.15,5
-73.925748,40.808255,0.6722806736166808,28552.64,5
-73.94566400000002,40.70674,0.782,34774.99,5
-74.004818,40.677847,0.933,18409.76,5
-73.92635,40.680441,0.7809999999999999,34089.01,5
-73.940691,40.691477,0.867,36940.25,5
-74.00871500000002,40.643673,0.852,31997.48,5
-73.89414000000002,40.7697,0.471,60134.47,3
-73.913973,40.761734,0.578,58639.79,3
-73.914843,40.773009,0.481,59442.38,3
-74.088696,40.582437,0.398,69961.21,3
-74.091981,40.602835,0.334,72831.32,3
-74.10908,40.573922,0.47,72519.97,3
-74.097904,40.590709,0.5670000000000001,61018.91,3
-74.08052099999998,40.594211,0.659,59790.15,3
-74.107516,40.628306,0.635,66662.96,3
-74.126888,40.630563,0.755,59197.08,3
-74.071405,40.597613,0.562,73449.66,3
-74.06915,40.613146,0.639,62621.47,3
-74.098959,40.613578,0.319,74254.73,3
-74.116236,40.613944,0.34700000000000003,72028.99,3
-73.879173,40.758364,0.662,55507.16,3
-74.244025,40.508835,0.298,71278.87,3
-73.922754,40.768259,0.259,66603.51,3
-73.90610799999997,40.771182,0.568,58081.89,3
-74.150648,40.624959,0.696,60992.26,3
-74.078261,40.633709,0.503,58183.51,3
-73.989602,40.76583400000001,0.645,70970.41,3
-74.105262,40.608441,0.366,67750.03,3
-73.959696,40.765368,0.429,58096.58,3
-73.98423100000002,40.729892,0.6409999999999999,56462.88,3
-73.978382,40.727726,0.362,63760.0,3
-73.978382,40.727726,0.451,62519.57,3
-73.98635999999998,40.724404,0.43,57504.48,3
-73.981602,40.723747,0.448,56787.2,3
-73.75304,40.67619000000001,0.439,66715.85,3
-73.77818,40.679744,0.485,55532.82,3
-73.763541,40.689348,0.407,70521.0,3
-73.759335,40.665341,0.5720000000000001,71741.52,3
-73.998263,40.718819,0.616,59851.21,3
-73.990835,40.763999,0.6722806736166808,70655.41,3
-73.97077,40.791685,0.233,72112.72,3
-73.913977,40.611413,0.463,57595.61,3
-73.989485,40.73854,0.468,56095.12,3
-73.973988,40.79511,0.599,56614.57,3
-73.9681,40.789382,0.5,64633.18,3
-73.968535,40.794945,0.503,64272.58,3
-73.977889,40.695143,0.362,61778.93,3
-73.90803000000002,40.642544,0.5379999999999999,57512.74,3
-73.987572,40.771743,0.758,63947.38,3
-73.993634,40.68515900000001,0.4320000000000001,70496.26,3
-74.16443199999998,40.620326,0.569,67543.01,3
-73.731394,40.72073,0.419,67828.27,3
-73.867223,40.899321,0.35,62840.53,3
-73.727581,40.744184,0.302,73222.68,3
-73.930304,40.613779,0.315,73629.22,3
-74.018575,40.623807,0.5660000000000001,60471.09,3
-74.007612,40.606594,0.655,55697.95,3
-74.03349200000002,40.623635,0.361,63542.07,3
-74.00635600000003,40.61368,0.5429999999999999,56876.96,3
-74.013301,40.610577,0.385,70641.62,3
-73.829212,40.827214,0.388,67098.68,3
-74.029639,40.621006,0.5660000000000001,58345.88,3
-73.986852,40.607008,0.209,65859.29,3
-73.933149,40.636004,0.738,55488.67,3
-73.938787,40.626035,0.667,56218.99,3
-73.937009,40.636966,0.6659999999999999,60517.36,3
-73.925723,40.621911,0.585,70008.97,3
-73.948515,40.597135,0.4970000000000001,57254.23,3
-73.829638,40.845595,0.511,57078.08,3
-74.02892299999998,40.634338,0.536,57954.82,3
-73.938999,40.613814,0.393,74211.29,3
-73.912375,40.615756,0.305,62626.93,3
-73.927963,40.595878000000006,0.28600000000000003,62902.53,3
-73.90907299999998,40.622032,0.345,72343.36,3
-73.825861,40.835535,0.498,66619.65,3
-73.875034,40.719517,0.348,67367.55,3
-73.890603,40.72851,0.453,56598.6,3
-73.871298,40.711906,0.5,62298.87,3
-73.883974,40.703479,0.555,59573.24,3
-73.861935,40.705243,0.263,67491.07,3
-73.875033,40.705198,0.436,57397.18,3
-73.886225,40.715009,0.18,71378.48,3
-73.90446700000003,40.716288,0.494,55585.29,3
-74.028588,40.618025,0.523,57526.02,3
-73.892737,40.644044,0.5720000000000001,62810.21,3
-73.740151,40.698026,0.48,74346.24,3
-73.94984000000002,40.726392,0.35,63982.88,3
-73.838736,40.891483,0.617,58477.18,3
-73.846947,40.863072,0.541,66488.21,3
-73.78469100000002,40.84379000000001,0.247,73103.77,3
-73.96634,40.678584,0.4370000000000001,70839.92,3
-73.965851,40.685623,0.483,55903.76,3
-73.971016,40.691059,0.6409999999999999,60844.69,3
-73.980577,40.680088,0.447,67861.67,3
-73.977783,40.676626,0.555,64025.89,3
-73.904682,40.903455,0.35700000000000004,71366.79,3
-73.971016,40.691059,0.363,63016.09,3
-73.95705699999998,40.715274,0.725,60124.45,3
-73.954188,40.726988,0.514,57806.03,3
-73.910788,40.87984,0.752,69064.16,3
-73.963516,40.714822,0.5770000000000001,57582.52,3
-73.908254,40.633955,0.596,65964.03,3
-73.941985,40.72367,0.404,62585.59,3
-73.945708,40.714793,0.516,56594.7,3
-73.991704,40.680431,0.491,67461.95,3
-73.982824,40.684964,0.64,55574.87,3
-73.990697,40.667492,0.647,63778.77,3
-73.975848,40.64895900000001,0.536,66731.09,3
-74.00194300000003,40.679432,0.35100000000000003,64358.48,3
-73.988365,40.68712100000001,0.394,73221.7,3
-73.989018,40.660969,0.55,61759.23,3
-73.906851,40.648646,0.526,56939.68,3
-73.90803000000002,40.642544,0.7020000000000001,57130.2,3
-73.89789499999998,40.634851,0.55,59768.44,3
-73.9309,40.642701,0.557,57979.65,3
-73.897209,40.734493,0.49,58328.09,3
-73.818543,40.774168,0.481,56414.94,3
-73.79431899999999,40.76501,0.411,58764.47,3
-73.861471,40.720572,0.267,64541.04,3
-73.790212,40.674555,0.677,59616.97,3
-73.851027,40.66585,0.369,59294.44,3
-73.847866,40.697177,0.603,64137.83,3
-73.844578,40.693524,0.622,61077.4,3
-73.848566,40.69146,0.595,63762.87,3
-73.824185,40.702681,0.653,58469.02,3
-73.816147,40.6936,0.5379999999999999,59385.59,3
-73.769014,40.673264,0.555,57296.31,3
-73.827742,40.711486,0.466,63599.76,3
-73.813057,40.710231,0.546,57582.32,3
-73.815955,40.684009,0.5329999999999999,57293.11,3
-73.799965,40.688017,0.672,57366.77,3
-73.821065,40.690426,0.5760000000000001,58262.79,3
-73.837726,40.722976,0.154,72353.42,3
-73.817349,40.78595900000001,0.269,69293.52,3
-73.844042,40.725755,0.13,69328.45,3
-73.774018,40.679787,0.5870000000000001,56318.26,3
-73.756807,40.685998,0.5429999999999999,70218.35,3
-73.73409000000002,40.727164,0.509,72362.29,3
-73.737967,40.71089,0.536,67332.79,3
-73.763989,40.690773,0.614,68913.36,3
-73.758597,40.676251,0.647,68856.71,3
-73.76692299999998,40.661251,0.691,69850.51,3
-73.765375,40.703442,0.616,62747.35,3
-73.793918,40.716997,0.5720000000000001,60211.0,3
-73.755348,40.70796,0.5660000000000001,69948.92,3
-73.757425,40.72012,0.514,63555.49,3
-73.752691,40.698936,0.589,71061.93,3
-73.81068499999998,40.679531,0.591,56302.19,3
-73.811093,40.665478,0.506,56649.0,3
-73.79555500000002,40.678902,0.63,60324.02,3
-73.83106,40.67922,0.5489999999999999,61421.0,3
-73.799406,40.755444,0.426,63863.56,3
-73.839501,40.789929,0.454,62563.19,3
-73.783908,40.760072,0.307,63770.09,3
-73.808757,40.741093,0.478,56868.76,3
-73.823164,40.721159,0.415,64280.02,3
-73.799841,40.778164,0.237,66656.2,3
-73.795027,40.783714,0.203,64911.92,3
-73.82028000000003,40.738332,0.354,56351.95,3
-73.778081,40.736575,0.389,59032.41,3
-73.769148,40.757631,0.353,73209.31,3
-73.764926,40.764889,0.334,67071.34,3
-73.78397700000002,40.770092,0.317,72313.94,3
-73.759991,40.753563,0.224,73229.87,3
-73.771162,40.764001,0.203,74068.09,3
-73.74538100000002,40.747524,0.313,66136.85,3
-73.788265,40.672298,0.679,62559.3,3
-73.82017900000002,40.606725,0.304,67021.51,3
-73.835471,40.699106,0.597,59392.37,3
-73.85279,40.691436,0.6409999999999999,60926.76,3
-73.93729499999998,40.856137,0.406,68615.55,3
-73.84656,40.676903,0.606,60178.18,3
-73.857012,40.681153,0.665,57775.21,3
-73.84164799999998,40.682272,0.613,56450.94,3
-73.84631,40.697913,0.574,64438.03,3
-73.839267,40.69671500000001,0.637,58845.51,3
-73.860039,40.694215,0.662,61595.17,3
-73.82131600000002,40.672256,0.561,56221.29,3
-73.823583,40.735855,0.457,61994.44,3
